{
	"QM10771":-1.0563111398211433,
	"QM10781":-1.049159377435634,
	"QA11132":-0.990713528769801,
	"Q11201":-0.8802188025613609,
	"QA11265":-0.7728780274472691,
	"Q11301":-0.7156712651548928,
	"QM11312":-0.6877485534538288,
	"QM11358":-1.117069766733698,
	"QM11362":-1.20588207963868,
	"QM11393":-1.8723759549817818,
	"Q11401":-1.9961941054978891,
	"Q11501":-1.4924400010297958,
	"Q11601":-0.8285301879693122,
	"Q11701":-0.6596640320630252,
	"Q11801":0.5239185133881684,
	"Q11901":-0.4324066973342381,
	"Q12201":-0.6254307178777839,
	"Q12301":-0.40424995937138714,
	"Q12401":-0.1693280646470112,
	"Q12501":-0.3780843584213319,
	"Q12601":-0.39204295740757733,
	"Q12701":-0.49236265664595613,
	"Q12801":-0.5852276975288814,
	"Q12901":-0.39173969108718276,
	"Q13201":-3.860702098668195e-2,
	"Q13301":-0.17310389375068783,
	"Q13401":-0.2612414098467581,
	"Q13501":-0.17537151562371536,
	"Q13601":-0.4541141525709035,
	"Q13701":-0.49487849561235464,
	"Q13801":-0.30617414343728744,
	"Q13901":0.2686546077114129,
	"Q14201":0.40893928249604755,
	"Q14301":0.651790359134916,
	"Q14401":0.5271327848589726,
	"Q14501":0.7785247329518216,
	"Q14601":0.9036090322334429,
	"Q14701":0.9559483668516999,
	"QM14715":0.915646514558489,
	"QM14891":0.9482249085168598,
	"Q14901":0.9637561206123453,
	"Q15201":0.8851980671958302,
	"Q15301":0.9362095296117772,
	"Q15401":0.9435691747417125,
	"Q15501":0.7926529888868361,
	"Q15601":0.7471347532424277,
	"Q15701":0.9359609867350612,
	"Q15801":0.814720582495897,
	"Q15901":0.7018868645793755,
	"Q16201":0.7246655771470915,
	"Q16301":0.7572691568085127,
	"Q16401":0.42420117577991473,
	"Q16501":0.8249650888488604,
	"Q16601":0.1976141706308886,
	"Q16701":0.47502354019736986,
	"Q16801":0.453947435576615,
	"Q16901":1.3274153995462319,
	"Q17201":1.7624774568679162,
	"Q17301":1.6881620899183083,
	"Q17401":1.7800761643223835,
	"Q17501":1.4182386295644585,
	"Q17601":1.181046806742807,
	"Q17701":0.9842528481199797,
	"Q17801":-6.758240694851193e-2,
	"Q17901":0.11785952191553306,
	"Q18201":-8.630188502580743e-2,
	"Q18301":-0.355845375634692,
	"Q18401":-3.3917444982018305e-2,
	"Q18501":-6.114100671528806e-2,
	"Q18601":-0.387739525482855,
	"Q18701":-0.6798814203046043,
	"Q18801":-1.0445412519172956,
	"Q18901":-1.4451799813281279,
	"Q19201":-1.9594764909371776,
	"Q19301":-1.5664062265410053,
	"Q19401":-1.6598598245979832,
	"Q19501":-2.106755418696701,
	"Q19601":-1.979356847275743,
	"Q19701":-1.5472068915912884,
	"Q19801":-1.0592083515552382,
	"Q19851":-0.8068322555567162,
	"Q19871":-0.7201188634462038
}