{
	"QM10771":-1.2255601112384684,
	"QM10781":-1.191368430451142,
	"QA11132":-0.911946143578806,
	"Q11201":-0.38368468807283007,
	"QA11265":0.1294981220274624,
	"Q11301":0.4029964920433044,
	"QM11312":0.5364914816326904,
	"QM11358":0.563397462687124,
	"QM11362":0.5493435825121261,
	"QM11393":0.44387594232733246,
	"Q11401":0.4242826517809536,
	"Q11501":0.7779838947736532,
	"Q11601":0.5968888922897416,
	"Q11701":0.41440011884834493,
	"Q11801":1.4331077853980294e-2,
	"Q11901":-0.17440352089891206,
	"Q12201":-0.23601454269798758,
	"Q12301":-0.23694845294287634,
	"Q12401":-0.3798699886662017,
	"Q12501":-0.24125861871747983,
	"Q12601":-0.20329388791571257,
	"Q12701":-0.18933005399443492,
	"Q12801":-0.13916228786388357,
	"Q12901":-0.14434203515544142,
	"Q13201":-0.13759726107318027,
	"Q13301":-2.790451873757472e-2,
	"Q13401":-0.1267285584391977,
	"Q13501":-3.195570181143037e-2,
	"Q13601":-0.3110716648527784,
	"Q13701":4.592921998460132e-3,
	"Q13801":-0.26135939206838305,
	"Q13901":-0.27105948700948035,
	"Q14201":-0.3858284030215744,
	"Q14301":-0.5045988014910419,
	"Q14401":-0.43858107024008414,
	"Q14501":-0.4288715274040962,
	"Q14601":-0.3300181245723867,
	"Q14701":-0.13395843278660147,
	"QM14715":-0.12345233715263994,
	"QM14891":-0.1828152676659198,
	"Q14901":-0.1826638965768357,
	"Q15201":0.11213955389883133,
	"Q15301":0.28710209212198573,
	"Q15401":0.5501405321669919,
	"Q15501":0.6909263380890357,
	"Q15601":0.8217175735598419,
	"Q15701":0.8255215563391379,
	"Q15801":0.6795792662654596,
	"Q15901":0.5251475707271523,
	"Q16201":0.4084958067897551,
	"Q16301":0.2631408481715339,
	"Q16401":0.13407659756324927,
	"Q16501":-0.14914468434971254,
	"Q16601":-0.3155424085169893,
	"Q16701":-0.34645634022461513,
	"Q16801":-0.3543005701610797,
	"Q16901":-0.31692434544839054,
	"Q17201":-0.30245414777137286,
	"Q17301":-0.48691344463357206,
	"Q17401":-0.4687717458136502,
	"Q17501":-0.31761735686564846,
	"Q17601":-0.1728759221690501,
	"Q17701":-0.14114257865225222,
	"Q17801":9.731809030433813e-2,
	"Q17901":0.5803338037590983,
	"Q18201":0.6640731583425242,
	"Q18301":0.8552164523350511,
	"Q18401":0.8948580756980005,
	"Q18501":0.8805995341457655,
	"Q18601":0.8818800566223614,
	"Q18701":0.9111576602072718,
	"Q18801":0.9737328337435733,
	"Q18901":0.9901666715856915,
	"Q19201":0.4239963411560572,
	"Q19301":0.46758983958165845,
	"Q19401":3.207701164291373e-2,
	"Q19501":-0.7243647920151298,
	"Q19601":-2.5222712719520755,
	"Q19701":0.858169592526956,
	"Q19801":4.238610457005925,
	"Q19851":5.986858449854523,
	"Q19871":6.587535439925662
}