{
	"QM10771":-1.1885904843682598,
	"QM10781":-1.15470185984716,
	"QA11132":-0.8777562185508854,
	"Q11201":-0.35417698224591565,
	"QA11265":0.15445725747879188,
	"Q11301":0.4255314882617127,
	"QM11312":0.5578432516342724,
	"QM11358":0.5319270638588625,
	"QM11362":0.5191248949976727,
	"QM11393":0.4230507487672967,
	"Q11401":0.40520253809539003,
	"Q11501":0.7874160814924895,
	"Q11601":0.6100897132737926,
	"Q11701":0.4059896971036922,
	"Q11801":-2.4139192759928016e-3,
	"Q11901":-0.2010348189974165,
	"Q12201":0.2618871231693303,
	"Q12301":-0.18671510818698311,
	"Q12401":-0.39587871722194573,
	"Q12501":-0.2445298794989468,
	"Q12601":7.439259766320358e-2,
	"Q12701":4.520099484116212e-2,
	"Q12801":-0.23296126941080358,
	"Q12901":-0.49650071070814916,
	"Q13201":-0.1388963297156579,
	"Q13301":-1.9427439451628052e-2,
	"Q13401":-0.10727723720174955,
	"Q13501":-1.842108856632323e-2,
	"Q13601":-0.36110835547480424,
	"Q13701":-3.5920316416932566e-2,
	"Q13801":-0.27607282301873803,
	"Q13901":-0.2924026527552244,
	"Q14201":-0.3891398288846586,
	"Q14301":-0.5176306880280123,
	"Q14401":-0.8003327471270207,
	"Q14501":-0.4517508681309871,
	"Q14601":-0.2941890303036887,
	"Q14701":-0.1265027471403877,
	"QM14715":-0.11313162435449263,
	"QM14891":-0.1401617497788231,
	"Q14901":-0.13208818681583698,
	"Q15201":0.12184899831040528,
	"Q15301":0.2665078700365794,
	"Q15401":0.5188197451044001,
	"Q15501":0.20724160420376814,
	"Q15601":0.28416164998089377,
	"Q15701":0.8305991457993963,
	"Q15801":0.6732633132444659,
	"Q15901":0.504936730228557,
	"Q16201":-6.245877352107359e-2,
	"Q16301":2.2686776770986922e-2,
	"Q16401":0.11020946204697021,
	"Q16501":-0.4791563613707147,
	"Q16601":-0.361820182599722,
	"Q16701":-0.5721062728334279,
	"Q16801":-0.7174266984631814,
	"Q16901":-0.33652383176793277,
	"Q17201":-0.3449952944459959,
	"Q17301":-0.5186122071935496,
	"Q17401":-0.5029256803552046,
	"Q17501":-0.921715446885581,
	"Q17601":-0.22390419932565328,
	"Q17701":-0.23075901839833163,
	"Q17801":-0.49327359112483327,
	"Q17901":0.5497297121948588,
	"Q18201":0.6322534229483,
	"Q18301":0.7581669572336267,
	"Q18401":0.4579362303218908,
	"Q18501":-8.658004267421834e-2,
	"Q18601":0.3786767870402936,
	"Q18701":0.5585475838528118,
	"Q18801":0.9471122899070483,
	"Q18901":0.9803939730739725,
	"Q19201":0.4198878166058737,
	"Q19301":0.4569522234525586,
	"Q19401":3.593329006297052e-2,
	"Q19501":-0.7578857525515457,
	"Q19601":-2.5622965685105528,
	"Q19701":1.0044560883246625,
	"Q19801":4.571208745159812,
	"Q19851":6.415810802489559,
	"Q19871":7.049593890591647
}