{
	"QM10771":-1.1328223123272037,
	"QM10781":-1.1243696586575849,
	"QA11132":-1.055292626931782,
	"Q11201":-0.9246991308654596,
	"QA11265":-0.7978332832939277,
	"Q11301":-0.7302207252764227,
	"QM11312":-0.6972189281244477,
	"QM11358":-1.1179071856092349,
	"QM11362":-1.2005231286817868,
	"QM11393":-1.8205162159292803,
	"Q11401":-1.9356956650371029,
	"Q11501":-1.57434378117366,
	"Q11601":-0.83424737017711,
	"Q11701":-0.6779232142709883,
	"Q11801":-0.6522890843807512,
	"Q11901":-0.5680759809455932,
	"Q12201":-0.6520497790169164,
	"Q12301":-0.3722962995822401,
	"Q12401":-0.10505320296369881,
	"Q12501":-0.4172751876342258,
	"Q12601":-0.38734844137513835,
	"Q12701":-0.49041450977439544,
	"Q12801":-0.5985931215065751,
	"Q12901":-0.49714825563253523,
	"Q13201":-0.3220321955838557,
	"Q13301":-0.22650016485159988,
	"Q13401":-0.2688778674245998,
	"Q13501":-0.1847875720603997,
	"Q13601":-0.10958954466387377,
	"Q13701":3.819690784702214e-2,
	"Q13801":0.13143052154451546,
	"Q13901":0.2475096308191471,
	"Q14201":0.4240060166851575,
	"Q14301":0.6699094036028851,
	"Q14401":0.5259190551235823,
	"Q14501":0.7535478263606595,
	"Q14601":0.9033138708783006,
	"Q14701":0.9667556063565774,
	"QM14715":0.9765954249446197,
	"QM14891":0.9223138893928062,
	"Q14901":0.9209413741964989,
	"Q15201":0.8777717541549942,
	"Q15301":0.9497028056908351,
	"Q15401":0.9536137171119102,
	"Q15501":0.80668564565033,
	"Q15601":0.7659321024419294,
	"Q15701":0.927729714125936,
	"Q15801":0.8088523007542298,
	"Q15901":0.7033103823677511,
	"Q16201":0.7456210132578527,
	"Q16301":0.7735415256979731,
	"Q16401":0.6777843666376494,
	"Q16501":0.5892135475248433,
	"Q16601":0.4982556486072797,
	"Q16701":0.4902304056600325,
	"Q16801":0.27635947754202006,
	"Q16901":0.24290826042997427,
	"Q17201":0.20062024939689108,
	"Q17301":0.17521656687822493,
	"Q17401":0.11478186551174165,
	"Q17501":3.725114931653062e-2,
	"Q17601":-2.670897915990758e-2,
	"Q17701":-4.889558660222467e-2,
	"Q17801":-0.12057171451355073,
	"Q17901":-0.13442342564049922,
	"Q18201":-0.10280837304088936,
	"Q18301":-0.39121357921947036,
	"Q18401":-0.49420638782761483,
	"Q18501":-0.5958829764995065,
	"Q18601":-0.741071993829531,
	"Q18701":-0.8603644994562492,
	"Q18801":-1.0725295016189231,
	"Q18901":-1.4275863007747374,
	"Q19201":-1.8754147368819463,
	"Q19301":-1.6559509365021383,
	"Q19401":-1.7383503839922234,
	"Q19501":-2.0787729041030185,
	"Q19601":-1.895853143779008,
	"Q19701":-1.460846626306216,
	"Q19801":-1.0258401088334321,
	"Q19851":-0.800869668131737,
	"Q19871":-0.723572529665996
}