{
  "QM10771": 1018.33226600113,
  "QM10781": 1018.73743300113,
  "QA11132": 1022.04855100113,
  "Q11201": 1028.30838100113,
  "QA11265": 1034.38953100113,
  "Q11301": 1037.63045135171,
  "QM11312": 1039.21234973171,
  "QM11358": 1046.51570019369,
  "QM11362": 1047.17138894369,
  "QM11393": 1052.09201899725,
  "Q11401": 1053.00615089725,
  "Q11501": 1065.35055089725,
  "Q11601": 1077.69495089725,
  "Q11701": 1090.03935089725,
  "Q11801": 1102.38375089725,
  "Q11901": 1115.04725089726,
  "Q12201": 1129.91735089726,
  "Q12301": 1142.26175089726,
  "Q12401": 1154.60615089726,
  "Q12501": 1166.95055089726,
  "Q12601": 1179.29495089726,
  "Q12701": 1191.63935089726,
  "Q12801": 1203.98375089726,
  "Q12901": 1216.64725089726,
  "Q13201": 1231.51735089726,
  "Q13301": 1243.86175089726,
  "Q13401": 1256.20615089726,
  "Q13501": 1268.55055089726,
  "Q13601": 1280.89495089726,
  "Q13701": 1293.23935089726,
  "Q13801": 1305.58375089726,
  "Q13901": 1318.24725089726,
  "Q14201": 1333.11735089726,
  "Q14301": 1345.46175089726,
  "Q14401": 1357.80615089726,
  "Q14501": 1370.15055089726,
  "Q14601": 1382.49495089726,
  "Q14701": 1394.83935089726,
  "QM14715": 1396.88005149726,
  "QM14891": 1421.41165135171,
  "Q14901": 1421.82165135171,
  "Q15201": 1434.71735135171,
  "Q15301": 1447.06175135171,
  "Q15401": 1459.40615135171,
  "Q15501": 1471.75055135171,
  "Q15601": 1484.09495135171,
  "Q15701": 1496.43935135171,
  "Q15801": 1508.78375135171,
  "Q15901": 1521.44725135171,
  "Q16201": 1536.31735135171,
  "Q16301": 1548.66175135171,
  "Q16401": 1561.00615135171,
  "Q16501": 1573.35055135171,
  "Q16601": 1585.69495135171,
  "Q16701": 1598.03935135171,
  "Q16801": 1610.38375135171,
  "Q16901": 1623.04725135171,
  "Q17201": 1637.91735135171,
  "Q17301": 1650.26175135171,
  "Q17401": 1662.60615135171,
  "Q17501": 1674.95055135171,
  "Q17601": 1687.29495135171,
  "Q17701": 1699.63935135171,
  "Q17801": 1711.98375135171,
  "Q17901": 1724.64725135171,
  "Q18201": 1739.51735135171,
  "Q18301": 1751.86175135171,
  "Q18401": 1764.20615135172,
  "Q18501": 1776.55055135172,
  "Q18601": 1788.89495135172,
  "Q18701": 1801.23935135172,
  "Q18801": 1813.58375135172,
  "Q18901": 1826.24725135172,
  "Q19201": 1841.11735135172,
  "Q19301": 1853.46175135172,
  "Q19401": 1865.80615135172,
  "Q19501": 1878.15055135172,
  "Q19601": 1890.49495135172,
  "Q19701": 1902.83935135172,
  "Q19801": 1915.18375135172,
  "Q19851": 1921.56785135172,
  "Q19871": 1923.76135135172
}